{
  "_fv": 24,
  "_type": "livingentity",
  "definition": {
    "mobName": "Khajiit",
    "mobLabel": "",
    "mobModelName": "Biped",
    "mobModelTexture": "ocelotskinw.png",
    "mobModelGlowTexture": "",
    "modelWidth": 0.6,
    "modelHeight": 1.8,
    "modelShadowSize": 0.5,
    "mountedYOffset": 0.0,
    "hasSpawnEgg": true,
    "spawnEggBaseColor": {
      "value": -16759808,
      "falpha": 0.0
    },
    "spawnEggDotColor": {
      "value": -4587650,
      "falpha": 0.0
    },
    "creativeTab": {
      "value": "MISC"
    },
    "isBoss": false,
    "bossBarColor": "PINK",
    "bossBarType": "PROGRESS",
    "equipmentMainHand": {
      "value": "Items.STICK"
    },
    "equipmentOffHand": {
      "value": ""
    },
    "equipmentHelmet": {
      "value": ""
    },
    "equipmentBody": {
      "value": ""
    },
    "equipmentLeggings": {
      "value": ""
    },
    "equipmentBoots": {
      "value": ""
    },
    "mobBehaviourType": "Mob",
    "mobCreatureType": "UNDEAD",
    "attackStrength": 5,
    "attackKnockback": 0.0,
    "knockbackResistance": 0.0,
    "movementSpeed": 0.4,
    "armorBaseValue": 0.0,
    "trackingRange": 64,
    "health": 20,
    "xpAmount": 0,
    "waterMob": false,
    "flyingMob": false,
    "guiBoundTo": "<NONE>",
    "inventorySize": 9,
    "inventoryStackSize": 64,
    "disableCollisions": false,
    "ridable": false,
    "canControlForward": false,
    "canControlStrafe": false,
    "immuneToFire": false,
    "immuneToArrows": false,
    "immuneToFallDamage": true,
    "immuneToCactus": false,
    "immuneToDrowning": false,
    "immuneToLightning": false,
    "immuneToPotions": true,
    "immuneToPlayer": false,
    "immuneToExplosion": false,
    "immuneToTrident": false,
    "immuneToAnvil": false,
    "immuneToWither": false,
    "immuneToDragonBreath": false,
    "mobDrop": {
      "value": "Items.EXPERIENCE_BOTTLE"
    },
    "livingSound": {
      "value": "entity.cat.ambient"
    },
    "hurtSound": {
      "value": "entity.cat.hurt"
    },
    "deathSound": {
      "value": "entity.cat.death"
    },
    "stepSound": {
      "value": "block.tuff.step"
    },
    "spawnParticles": false,
    "particleToSpawn": {
      "value": "EXPLOSION_NORMAL"
    },
    "particleSpawningShape": "Spread",
    "particleSpawningRadious": 0.5,
    "particleAmount": 4,
    "hasAI": true,
    "aiBase": "Skeleton",
    "aixml": "<xml xmlns=\"https://developers.google.com/blockly/xml\"><block type=\"aitasks_container\" deletable=\"false\" x=\"40\" y=\"40\"><next><block type=\"attack_on_collide\"><field name=\"speed\">1.2</field><field name=\"longmemory\">FALSE</field><field name=\"condition\">null,null</field><next><block type=\"wander\"><field name=\"speed\">1</field><field name=\"condition\">null,null</field><next><block type=\"attack_action\"><field name=\"callhelp\">TRUE</field><field name=\"condition\">null,null</field><next><block type=\"look_around\"><field name=\"condition\">null,null</field><next><block type=\"swim_in_water\"><field name=\"condition\">null,null</field><next><block type=\"doors_open\"><field name=\"condition\">null,null</field><next><block type=\"doors_close\"><field name=\"condition\">null,null</field><next><block type=\"move_indoors\"><field name=\"condition\">null,null</field></block></next></block></next></block></next></block></next></block></next></block></next></block></next></block></next></block></xml>",
    "breedable": false,
    "tameable": false,
    "breedTriggerItems": [],
    "ranged": true,
    "rangedAttackItem": {
      "value": "Items.CROSSBOW"
    },
    "rangedItemType": "Default item",
    "spawnThisMob": true,
    "doesDespawnWhenIdle": true,
    "spawningProbability": 20,
    "mobSpawningType": "monster",
    "minNumberOfMobsPerGroup": 4,
    "maxNumberOfMobsPerGroup": 4,
    "restrictionBiomes": [
      {
        "value": "CUSTOM:AncientVale"
      }
    ],
    "spawnInDungeons": true
  }
}