{
  "_fv": 24,
  "_type": "biome",
  "definition": {
    "name": "Ancient Vale",
    "groundBlock": {
      "value": "CUSTOM:AncientGrassBlock"
    },
    "undergroundBlock": {
      "value": "CUSTOM:AncientDirt"
    },
    "airColor": {
      "value": -16764109,
      "falpha": 0.0
    },
    "grassColor": {
      "value": -16764160,
      "falpha": 0.0
    },
    "foliageColor": {
      "value": -16764160,
      "falpha": 0.0
    },
    "ambientSound": {
      "value": ""
    },
    "additionsSound": {
      "value": ""
    },
    "music": {
      "value": ""
    },
    "moodSound": {
      "value": ""
    },
    "moodSoundDelay": 6000,
    "spawnParticles": true,
    "particleToSpawn": {
      "value": "WHITE_ASH"
    },
    "particlesProbability": 1.5,
    "biomeCategory": "NONE",
    "parent": {
      "value": "forest"
    },
    "rainingPossibility": 0.5,
    "temperature": 0.5,
    "baseHeight": 0.1,
    "heightVariation": 0.2,
    "biomeType": "WARM",
    "spawnBiome": true,
    "biomeWeight": 0,
    "biomeDictionaryTypes": [],
    "grassPerChunk": 12,
    "seagrassPerChunk": 0,
    "flowersPerChunk": 2,
    "mushroomsPerChunk": 6,
    "bigMushroomsChunk": 0,
    "sandPatchesPerChunk": 1,
    "gravelPatchesPerChunk": 0,
    "reedsPerChunk": 1,
    "cactiPerChunk": 0,
    "treesPerChunk": 6,
    "vanillaTreeType": "Mega pine trees",
    "treeType": 1,
    "minHeight": 7,
    "treeStem": {
      "value": "Blocks.STRIPPED_JUNGLE_LOG"
    },
    "treeBranch": {
      "value": "Blocks.LEAVES2"
    },
    "treeVines": {
      "value": "Blocks.VINE"
    },
    "treeFruits": {
      "value": "Blocks.DEADBUSH"
    },
    "spawnStronghold": true,
    "spawnMineshaft": false,
    "spawnMineshaftMesa": true,
    "spawnPillagerOutpost": true,
    "villageType": "taiga",
    "spawnWoodlandMansion": false,
    "spawnJungleTemple": false,
    "spawnDesertPyramid": false,
    "spawnSwampHut": true,
    "spawnIgloo": false,
    "spawnOceanMonument": false,
    "spawnShipwreck": false,
    "spawnShipwreckBeached": false,
    "spawnBuriedTreasure": false,
    "oceanRuinType": "NONE",
    "spawnNetherBridge": false,
    "spawnNetherFossil": false,
    "spawnBastionRemnant": false,
    "spawnEndCity": false,
    "spawnRuinedPortal": "NONE",
    "defaultFeatures": [
      "Caves",
      "Ores",
      "FrozenTopLayer",
      "Lakes",
      "ReedsAndPumpkins",
      "SwampVegetation"
    ],
    "spawnEntries": [
      {
        "entity": {
          "value": "EntityAnimal"
        },
        "minGroup": 4,
        "maxGroup": 4,
        "weight": 20,
        "spawnType": "creature"
      },
      {
        "entity": {
          "value": "EntityZombie"
        },
        "minGroup": 4,
        "maxGroup": 4,
        "weight": 20,
        "spawnType": "monster"
      }
    ]
  }
}