{
  "_fv": 24,
  "_type": "dimension",
  "definition": {
    "biomesInDimension": [
      {
        "value": "CUSTOM:AncientVale"
      }
    ],
    "worldGenType": "Normal world gen",
    "mainFillerBlock": {
      "value": "Blocks.BLACKSTONE"
    },
    "fluidBlock": {
      "value": "Blocks.WATER"
    },
    "airColor": {
      "value": -16764109,
      "falpha": 0.0
    },
    "canRespawnHere": true,
    "hasFog": false,
    "isDark": true,
    "doesWaterVaporize": false,
    "sleepResult": "ALLOW",
    "hasSkyLight": false,
    "imitateOverworldBehaviour": true,
    "portalFrame": {
      "value": "Blocks.WARPED_WART_BLOCK"
    },
    "portalParticles": {
      "value": "CRIT_MAGIC"
    },
    "portalLuminance": 15,
    "portalSound": {
      "value": "block.portal.ambient"
    },
    "igniterName": "The Ancient Vale Portal Igniter",
    "igniterTab": {
      "value": "TOOLS"
    },
    "texture": "flintnsteel",
    "portalTexture": "portal",
    "enablePortal": true
  }
}